{
  "total_trade_games": 888,
  "bot_focus_count": 888,
  "top_focus_count": 888,
  "bot_focus_winrate": 0.5135135135135135,
  "top_focus_winrate": 0.4864864864864865,
  "bot_focus_obj_rate": 0.9245495495495496,
  "top_focus_obj_rate": 0.8761261261261262
}